Model,ACC,AUC,Recall,Precision,PR_score
Adaboost,0.5892857142857143,0.578125,0.5625,0.5625,0.6319692460317461
DT,0.48214285714285715,0.47916666666666663,0.4583333333333333,0.49583333333333335,0.606547619047619
KNN,0.5133928571428571,0.609375,0.3125,0.4583333333333333,0.5992559523809523
XGBoost,0.6517857142857143,0.703125,0.625,0.6875,0.6511656746031745
ensemble,0.5133928571428571,0.5520833333333334,0.5208333333333334,0.5208333333333334,0.5705109126984127
