Model,ACC,AUC,Recall,Precision,PR_score
Adaboost,0.7455357142857143,0.76875,0.7625,0.825,0.8188839285714286
DT,0.7455357142857143,0.7458333333333333,0.7,0.775,0.8178571428571428
KNN,0.7678571428571428,0.7578125,0.75,0.775,0.8397321428571429
XGBoost,0.78125,0.8572916666666667,0.7625,0.775,0.8950892857142857
ensemble,0.7455357142857143,0.8583333333333334,0.7,0.7833333333333333,0.8909821428571428
