Model,ACC,AUC,Recall,Precision,PR_score
Adaboost,0.8392857142857143,0.9833333333333334,0.8875,0.8500000000000001,0.9908333333333333
DT,0.7767857142857143,0.7666666666666666,0.8875,0.7833333333333333,0.8688988095238095
KNN,0.7991071428571428,0.765625,0.8125,0.8166666666666667,0.8119047619047619
XGBoost,0.84375,0.9510416666666667,0.8875,0.8375,0.9704613095238095
ensemble,0.8392857142857143,0.9666666666666667,0.8875,0.8500000000000001,0.9845238095238096
