Model,ACC,AUC,Recall,Precision,PR_score
Adaboost,0.7098214285714286,0.7666666666666666,0.24999999999999997,0.6666666666666666,0.6359126984126984
DT,0.5803571428571428,0.48333333333333334,0.16666666666666666,0.16666666666666666,0.31175595238095233
KNN,0.6830357142857143,0.6291666666666667,0.20833333333333331,0.6666666666666666,0.6103670634920635
XGBoost,0.7098214285714286,0.8166666666666667,0.41666666666666663,0.5833333333333334,0.7157738095238095
ensemble,0.7098214285714286,0.75,0.25,0.6666666666666666,0.5791666666666666
