Model,ACC,AUC,Recall,Precision,PR_score
Adaboost,0.6785714285714286,0.8166666666666667,0.24999999999999997,0.5,0.6840277777777778
DT,0.5535714285714286,0.475,0.24999999999999997,0.2888888888888889,0.487797619047619
KNN,0.75,0.7333333333333333,0.5,0.75,0.7457837301587301
XGBoost,0.7142857142857143,0.8416666666666667,0.4583333333333333,0.65,0.78125
ensemble,0.7142857142857143,0.7166666666666667,0.4583333333333333,0.625,0.6282738095238095
