Model,ACC,AUC,Recall,Precision,PR_score
Adaboost,0.5848214285714286,0.7583333333333333,0.29166666666666663,0.29166666666666663,0.617361111111111
DT,0.5178571428571428,0.48749999999999993,0.375,0.3833333333333333,0.4907738095238095
KNN,0.6875,0.7166666666666666,0.3333333333333333,0.6666666666666666,0.7279265873015872
XGBoost,0.8080357142857143,0.825,0.6666666666666666,0.6666666666666666,0.6791666666666666
ensemble,0.6830357142857143,0.7416666666666667,0.5,0.5416666666666666,0.6843253968253968
