Model,ACC,AUC,Recall,Precision,PR_score
Adaboost,0.7098214285714286,0.825,0.4583333333333333,0.5416666666666666,0.6666666666666666
DT,0.6116071428571428,0.5083333333333333,0.16666666666666666,0.2222222222222222,0.43675595238095233
KNN,0.6830357142857143,0.6541666666666666,0.20833333333333331,0.6666666666666666,0.65625
XGBoost,0.7098214285714286,0.7916666666666666,0.41666666666666663,0.611111111111111,0.6996527777777778
ensemble,0.6785714285714286,0.825,0.25,0.5555555555555555,0.7076388888888888
